filename, garbage
eac25830-6799-11e5-80ca-40f2e96c8ad8_jpg.rf.d3d1f3622e5c6235a32a88db9882aa00.jpg, 1
d656fc3e-679e-11e5-b0e3-40f2e96c8ad8_jpg.rf.d581a04094aa9678b8f6ffc432e8ca5f.jpg, 1
27_jpg.rf.c6f501488fbf30b096776d4fe69b021f.jpg, 1
5_jpg.rf.d309ef786b31d90a7a49fc29c6a9c347.jpg, 1
d6a362c8-6798-11e5-8dd0-40f2e96c8ad8_jpg.rf.d69af012d13bacf154d07e826d0f631a.jpg, 1
3b500736-6798-11e5-8dd0-40f2e96c8ad8_jpg.rf.d871013b416452c53f80565aa23490c7.jpg, 1
4604c93575b3c282d69417953ff4a4a2_jpg.rf.d4ebeb479f3dd7e1ebd023b8bcb9e463.jpg, 1
80a8d4b2-679c-11e5-aa4a-40f2e96c8ad8_jpg.rf.c924bf01cb8d279eaeb51e281601d6fe.jpg, 1
f649a522-679a-11e5-9696-40f2e96c8ad8_jpg.rf.ce25aadfacc2afdeac0b9f8e7f7a0b45.jpg, 1
30_jpg.rf.ccdd89a8e86dbc34bc12d732b800abdd.jpg, 1
cc866fce-6798-11e5-8dd0-40f2e96c8ad8_jpg.rf.d8e7b1f398e169a73c495e17600e1faf.jpg, 1
tunisie_jpg.rf.d080369830ae58c791812114985652d7.jpg, 1
264d9cb6-679f-11e5-b0e3-40f2e96c8ad8_jpg.rf.d8ec102a64c0d11de3a413f79a9a4b82.jpg, 1
93117578-679c-11e5-aa4a-40f2e96c8ad8_jpg.rf.ce7167bae7134f039cbcb325a79088ea.jpg, 1
cc866fce-6798-11e5-8dd0-40f2e96c8ad8_jpg.rf.db193915a14f7499b10c54b9f07c2aed.jpg, 1
297c00ea-6799-11e5-8dd0-40f2e96c8ad8_jpg.rf.cac6554e5b9110ca15423dd06bd8227e.jpg, 1
28_jpg.rf.c420ef799f1f63fb26e5f1a77289f324.jpg, 1
a7f6caa8-679a-11e5-9696-40f2e96c8ad8_jpg.rf.d030d77cb99d442643ea1972367ee419.jpg, 1
86645da6-679a-11e5-9696-40f2e96c8ad8_jpg.rf.d398a47406f69c0dc9bf1bc49280a367.jpg, 1
0dfb0572-679a-11e5-80ca-40f2e96c8ad8_jpg.rf.dabc8c7e51ae1cba22000587af3d56fa.jpg, 1
14_jpg.rf.d90877b1dc1c5028a59d97441a8e8e88.jpg, 1
25_jpg.rf.d67f2656c1bef863fca66b40669e3e77.jpg, 1
9d4793b2-679a-11e5-9696-40f2e96c8ad8_jpg.rf.ce6abee8f6e477e789bac339c11c4a89.jpg, 1
cc866fce-6798-11e5-8dd0-40f2e96c8ad8_jpg.rf.d6216c5d9e2ee6ad5f4c1c10cee917b2.jpg, 1
53ee47d8-679f-11e5-893c-40f2e96c8ad8_jpg.rf.d21f0401dd3185038414ba658d62d8d4.jpg, 1
3_jpg.rf.dbbb08e08935db41ff5c2d6dbcea7ded.jpg, 1
15_jpg.rf.de42c5ec179df35643b6cff167e8f5fb.jpg, 1
images73_jpg.rf.dd70b5ad97f546e80ea6db70f246d12d.jpg, 1
122a3e88-679f-11e5-b0e3-40f2e96c8ad8_jpg.rf.df0fc2bfef8e8058ff2887f38eaba5be.jpg, 1
photo-43_jpg.rf.df2a436c6991dc6ff26901f5df824751.jpg, 1
c8b35114-6798-11e5-8dd0-40f2e96c8ad8_jpg.rf.df3f8b5022a08d125186d2ee186a2ab7.jpg, 1
30_jpg.rf.deafab8d951ba3b9f3c64f629edce780.jpg, 1
b2b2799c-679a-11e5-9696-40f2e96c8ad8_jpg.rf.e16247fe7545ac50bf7c05e68c46a67d.jpg, 1
2402eb3c-679a-11e5-80ca-40f2e96c8ad8_jpg.rf.e2a627ceb150066f1477d18c1a6015f3.jpg, 1
images111_jpg.rf.e0e73640a206cc310df80c204faa339d.jpg, 1
0dfb0572-679a-11e5-80ca-40f2e96c8ad8_jpg.rf.e5cdfb82a04d67599cf828d2851d5845.jpg, 1
2_jpg.rf.e37b51746b9552e5cb74fb27568aacd7.jpg, 1
images116_jpg.rf.e75aec38d5d092d64db320ed547070e8.jpg, 1
photo-43_jpg.rf.e7e72bc8a4a887938a674ecc350b6961.jpg, 1
e9b135ec-679e-11e5-b0e3-40f2e96c8ad8_jpg.rf.e80657a062b05ccf7bb300109518b634.jpg, 1
26_jpg.rf.e920e061bdff14680b5c487f802ff08f.jpg, 1
24_jpg.rf.e8ea1dad385e3ae904f1cd5f97784f5c.jpg, 1
cb079cc2-6798-11e5-8dd0-40f2e96c8ad8_jpg.rf.e99d5292951982369a7e2fcea78ce0a8.jpg, 1
6_jpg.rf.db7b8bbd482c4997b9fb0cecce3a0acc.jpg, 1
d656fc3e-679e-11e5-b0e3-40f2e96c8ad8_jpg.rf.ea2430fa3e05b3835ff6de6f402894eb.jpg, 1
cb7f2eb8-6798-11e5-8dd0-40f2e96c8ad8_jpg.rf.e9edae20c7384f1174cb7bfb17f03705.jpg, 1
3_jpg.rf.e90b687c7df8ad59a89e964bd8fc799e.jpg, 1
7f2b4626-679a-11e5-80ca-40f2e96c8ad8_jpg.rf.eb706a86472c5e70e0f07fc71e9ceb18.jpg, 1
173e1a02-679f-11e5-b0e3-40f2e96c8ad8_jpg.rf.eea7ed4cef860b106b8832ab3ce99366.jpg, 1
images2_jpg.rf.ebfc44d2e5e33e2a24e939ae8a25d69c.jpg, 1
c6b67f74-679a-11e5-9696-40f2e96c8ad8_jpg.rf.ef8b445397c042deee480da0a53b66c0.jpg, 1
7f2b4626-679a-11e5-80ca-40f2e96c8ad8_jpg.rf.ef668fd915160dec821f6b3c3513c8fd.jpg, 1
4_jpg.rf.ef9806e63aa7ee8832fbf9ed084115e4.jpg, 1
20_jpg.rf.f2579d77c16914b51f3500b283f8d8a9.jpg, 1
ed78ccda-679e-11e5-b0e3-40f2e96c8ad8_jpg.rf.efe64b6cc8aac49c6e7635f601f6cdb5.jpg, 1
24_jpg.rf.f123ce3ad3fd702b130268aba8e72452.jpg, 1
980b5fd2-679a-11e5-9696-40f2e96c8ad8_jpg.rf.f3b97a2518b36199a6e545bca76b1c5d.jpg, 1
5_jpg.rf.f85b8343fd6ef481191db8eae06e7820.jpg, 1
7f2b4626-679a-11e5-80ca-40f2e96c8ad8_jpg.rf.f81cff89665278efd89b80e010dd0919.jpg, 1
cb7f2eb8-6798-11e5-8dd0-40f2e96c8ad8_jpg.rf.fa6938d2a4b711da971d5d1fc036cd0d.jpg, 1
e3ad6a0e-6798-11e5-8dd0-40f2e96c8ad8_jpg.rf.fdfab4c62c88a639f4b451829588f1cc.jpg, 1
de2721f0-679e-11e5-b0e3-40f2e96c8ad8_jpg.rf.fd2120acc03b14a8be634bbf0ef612a0.jpg, 1
80a8d4b2-679c-11e5-aa4a-40f2e96c8ad8_jpg.rf.f8d9113dac42620f6f8cd1286143ac49.jpg, 1
e635ed54-679e-11e5-b0e3-40f2e96c8ad8_jpg.rf.fbd1cbe04bb6a691a8a6233c7b7e7081.jpg, 1
26_jpg.rf.fe0afdf1503aae3fff499d7b6ed55bcb.jpg, 1
cb079cc2-6798-11e5-8dd0-40f2e96c8ad8_jpg.rf.ff05f6d0846331bb539566512dfb7b4e.jpg, 1
c1f1e214-6798-11e5-8dd0-40f2e96c8ad8_jpg.rf.ff7a953295bf70880910727e188bd686.jpg, 1
20_jpg.rf.f03000afc1e6243c60891fc722accd53.jpg, 1
e80570cc-679a-11e5-9696-40f2e96c8ad8_jpg.rf.03cfa3e931fe52b0bc70f23e28a776ef.jpg, 1
d90a077c-679a-11e5-9696-40f2e96c8ad8_jpg.rf.0418b7aae239a78fe8d1cb31148757be.jpg, 1
d656fc3e-679e-11e5-b0e3-40f2e96c8ad8_jpg.rf.111675bd38145a9e831e533d310c444d.jpg, 1
b2b2799c-679a-11e5-9696-40f2e96c8ad8_jpg.rf.0d67ebe7967fbb8d13b4041094e918e2.jpg, 1
2_jpg.rf.083082d235104520687a36cac765779a.jpg, 1
122a3e88-679f-11e5-b0e3-40f2e96c8ad8_jpg.rf.01caa6098cbd586536152e293840c948.jpg, 1
2402eb3c-679a-11e5-80ca-40f2e96c8ad8_jpg.rf.000a650b1dada25ef502ef98bd7620db.jpg, 1
b5175740-6798-11e5-8dd0-40f2e96c8ad8_jpg.rf.0a226c155881b2de170c29a5c17d16f9.jpg, 1
f649a522-679a-11e5-9696-40f2e96c8ad8_jpg.rf.0914c2ab202407c44a0ac63033fe3f6d.jpg, 1
2_jpg.rf.0b56cee1e9dd7303cc26eebfddfa4c68.jpg, 1
f649a522-679a-11e5-9696-40f2e96c8ad8_jpg.rf.13738545ce6ac1fd472c6d12eb9da8d3.jpg, 1
23_jpg.rf.04d96ee81ab955e2782b97fdcbb1c075.jpg, 1
26_jpg.rf.00496018a229709b09b06036864571e7.jpg, 1
b2b2799c-679a-11e5-9696-40f2e96c8ad8_jpg.rf.01b270080f6e5922925f16497e2e9bf1.jpg, 1
1f7fb1bc-679a-11e5-80ca-40f2e96c8ad8_jpg.rf.0e2e276c538184d3367188fd51e50eb4.jpg, 1
images44_jpg.rf.0ea6409641598d7d52ea560e43030b16.jpg, 1
25_jpg.rf.0bc1b83c8e5c0f5b6d578c35b4bf4761.jpg, 1
2bf9a41c-6799-11e5-8dd0-40f2e96c8ad8_jpg.rf.0f02e96f6c82faa707e105132585422f.jpg, 1
cb079cc2-6798-11e5-8dd0-40f2e96c8ad8_jpg.rf.147a4f8914c73091db6790a813faccc0.jpg, 1
d8fa3d0c-6799-11e5-80ca-40f2e96c8ad8_jpg.rf.0954571e2ae4971e440405723124d3f8.jpg, 1
27_jpg.rf.12f69ad4bf1a60382422df618a16ecd8.jpg, 1
c0a5fb02-6798-11e5-8dd0-40f2e96c8ad8_jpg.rf.034c28d4ef551a44fbb57db937c572e9.jpg, 1
980b5fd2-679a-11e5-9696-40f2e96c8ad8_jpg.rf.0474808a00fd9aa500c3d408530fd3e8.jpg, 1
8_jpg.rf.0d5848f204dc332fea5aa3ddae008b08.jpg, 1
8_jpg.rf.14abe2a20f70477c7358c8334a9c5f8c.jpg, 1
7757db94-679a-11e5-80ca-40f2e96c8ad8_jpg.rf.1693ac43dff790fcca1633fa7b023b12.jpg, 1
20_jpg.rf.1af9ba3687ce2e01a4fde34f5d21def4.jpg, 1
23_jpg.rf.19cbfe9147a7bd29528d53954bc7fa17.jpg, 1
b68d4646-679a-11e5-9696-40f2e96c8ad8_jpg.rf.1b12b8a018107e7373738480751a4948.jpg, 1
31_jpg.rf.1bec9c0589d44072aa350cd8ed83b7ba.jpg, 1
7aa9dbda-679a-11e5-80ca-40f2e96c8ad8_jpg.rf.1c1cfb23d6e110c60f920823001ed6cd.jpg, 1
eac25830-6799-11e5-80ca-40f2e96c8ad8_jpg.rf.1e3986c907b33961d3672c67076bca77.jpg, 1
93117578-679c-11e5-aa4a-40f2e96c8ad8_jpg.rf.1bda4bcbcf4ff0a0d51b90838d617cb1.jpg, 1
b68d4646-679a-11e5-9696-40f2e96c8ad8_jpg.rf.20c5a04adbaaf70096531137e834f17e.jpg, 1
31_jpg.rf.1ef02f4ff3375fd476d68c406abeb610.jpg, 1
b5175740-6798-11e5-8dd0-40f2e96c8ad8_jpg.rf.212eba9a89bbfeafb3605b290700a271.jpg, 1
11_jpg.rf.1f9b63ba88cadc53c43f69c7df10e2ac.jpg, 1
d02921cc-679c-11e5-aa4a-40f2e96c8ad8_jpg.rf.21e9be73df4567a24eb147468ca8a9ea.jpg, 1
12311590-679b-11e5-9696-40f2e96c8ad8_jpg.rf.2257006fa2260cf5a470e4f9a3e7ec9f.jpg, 1
571612cf532137c8dbfdb13bf358abf3-1200510_jpg.rf.2662d43bc57839b79e2b5e4f6a3c3691.jpg, 1
e635ed54-679e-11e5-b0e3-40f2e96c8ad8_jpg.rf.22105a0065cc6874608aba3e0e288999.jpg, 1
dechets-plage-france_jpg.rf.286d80ed56a6713930e0ec2bd3451fba.jpg, 1
28_jpg.rf.25ac95fce119c62d19daa3fac9da4de3.jpg, 1
8_jpg.rf.27ede052202aaca8d4075aaf6f45b5c5.jpg, 1
cfed9f50-679a-11e5-9696-40f2e96c8ad8_jpg.rf.25a84046dcecc73082af77d7ca6a2c03.jpg, 1
c6b67f74-679a-11e5-9696-40f2e96c8ad8_jpg.rf.29635d85ef6e6c5c10471ebe693cf1f6.jpg, 1
e3ad6a0e-6798-11e5-8dd0-40f2e96c8ad8_jpg.rf.2979d8c1a1546c343cec4fd61a7fa61f.jpg, 1
16_jpg.rf.290fda649bc0d696c8651cf61cadb27f.jpg, 1
7aa9dbda-679a-11e5-80ca-40f2e96c8ad8_jpg.rf.296f8d5630d27afaa427a26e429fb0eb.jpg, 1
e80570cc-679a-11e5-9696-40f2e96c8ad8_jpg.rf.2a34167d3531c13d9074a9e8aca8b4b6.jpg, 1
28a0beee-679f-11e5-b0e3-40f2e96c8ad8_jpg.rf.29a5c9f18802fbe414791f73b4f290d5.jpg, 1
24_jpg.rf.2b56d50cdf16117b6304162b9630937e.jpg, 1
12_jpg.rf.2c249b06c201eaf5c4dd48e07cf252be.jpg, 1
25_jpg.rf.2e7c0f50b03d86aac3980cf5b8c7dee0.jpg, 1
22_jpg.rf.2e525828924dfb1593c61632ab281a2f.jpg, 1
e08aa49e-6799-11e5-80ca-40f2e96c8ad8_jpg.rf.30959b9087d18b68ae89db5a80684779.jpg, 1
palge-pollution-660x330_jpg.rf.2df3806afccd69881b0c2109029793af.jpg, 1
28a0beee-679f-11e5-b0e3-40f2e96c8ad8_jpg.rf.2e5120179c3ff13efda95634d1a21bc4.jpg, 1
9_jpg.rf.309b03ee29327db407083703740e7763.jpg, 1
0dfb0572-679a-11e5-80ca-40f2e96c8ad8_jpg.rf.3189c90c05a9730d5d511e7fc3caaba2.jpg, 1
a7f6caa8-679a-11e5-9696-40f2e96c8ad8_jpg.rf.30a96c3e79f0a37ffd4f22927710bf54.jpg, 1
718442de-679a-11e5-80ca-40f2e96c8ad8_jpg.rf.333ea5bac64c3365323058f1183e84eb.jpg, 1
hygiene_841471879_jpg.rf.37104e61374d5077774f64782066efc5.jpg, 1
c97d0eb4-6798-11e5-8dd0-40f2e96c8ad8_jpg.rf.37671164f57b1eb51d4f6506a41f10cd.jpg, 1
12311590-679b-11e5-9696-40f2e96c8ad8_jpg.rf.378970fde608b9f076ea74c28d296c6b.jpg, 1
images111_jpg.rf.391718b81909987eb14709acb025e5f9.jpg, 1
297c00ea-6799-11e5-8dd0-40f2e96c8ad8_jpg.rf.3a23fff424dc987779ad4a9ad9d22463.jpg, 1
4_jpg.rf.3b419391d689e7a704bde52678983bff.jpg, 1
5a0b5618-679c-11e5-aa4a-40f2e96c8ad8_jpg.rf.384235cb66a42166037fd973e1a6b061.jpg, 1
c0a5fb02-6798-11e5-8dd0-40f2e96c8ad8_jpg.rf.3c2978f2c0382d36130c8cd4d01ac9bb.jpg, 1
23_jpg.rf.3d0335b76210c7502d65d61fe232fc9d.jpg, 1
93117578-679c-11e5-aa4a-40f2e96c8ad8_jpg.rf.3b4fbc1e8c45a52540303844336d5113.jpg, 1
hygiene_841471879_jpg.rf.34798c69b5ec5d8cc4bc6e48f39f991a.jpg, 1
3b500736-6798-11e5-8dd0-40f2e96c8ad8_jpg.rf.3dd42d4f09d850d75b840df35af68ef2.jpg, 1
6_jpg.rf.3e9416ce450e0ce97075b646f39d99ec.jpg, 1
5_jpg.rf.3e60e627046656cdc0dea9e723b8b6e1.jpg, 1
d8fa3d0c-6799-11e5-80ca-40f2e96c8ad8_jpg.rf.3f37eff3a789271c4d70753acfe6d15f.jpg, 1
cfed9f50-679a-11e5-9696-40f2e96c8ad8_jpg.rf.3e62a0d66b5f1ce8d88a9a16dbccb0e7.jpg, 1
16_jpg.rf.3f6474f618d988faa3275b07cf70e441.jpg, 1
9_jpg.rf.40adfa69b7006a6c2ac5d21d379d9015.jpg, 1
unnamed-medium_jpg.rf.411bb595aae1fc4e365694fb2c893a88.jpg, 1
palge-pollution-660x330_jpg.rf.40bd07ce810a328adc0ef594c6b2a6da.jpg, 1
4_jpg.rf.3f3d6e7653888b88620859d4d77c35df.jpg, 1
30_jpg.rf.438f9706753219cbb1e321cfe095d0fa.jpg, 1
images73_jpg.rf.4283c561260cafffac88fa1fa4d41e88.jpg, 1
d2728178-679a-11e5-9696-40f2e96c8ad8_jpg.rf.45a0864cf9e5909292bee296f196cc62.jpg, 1
07ff75e6-6799-11e5-8dd0-40f2e96c8ad8_jpg.rf.46d95cf067711d4081fa23f17cb5a786.jpg, 1
a7f6caa8-679a-11e5-9696-40f2e96c8ad8_jpg.rf.4552ee81066002947269cbfedb60f495.jpg, 1
d8fa3d0c-6799-11e5-80ca-40f2e96c8ad8_jpg.rf.450ec9258da5768a3f3270e2a6f8e601.jpg, 1
cb7f2eb8-6798-11e5-8dd0-40f2e96c8ad8_jpg.rf.4a25da7896d18d1ea8481fe52fff9d90.jpg, 1
18_jpg.rf.4920e96f8fe83d0c90483afad62e1a14.jpg, 1
dechets-plage-france_jpg.rf.4a531268b6bc210e972cc265f652807b.jpg, 1
14_jpg.rf.4aed6a6759ea1f6b21b56d6753f69c99.jpg, 1
unnamed-medium_jpg.rf.4b612f13efca96d5f23b99a032f7b933.jpg, 1
telechargement_jpg.rf.4b7c284b354168d79292437370282984.jpg, 1
82b604f0-679c-11e5-aa4a-40f2e96c8ad8_jpg.rf.4bbe52e0a67f779490ce9346d8ef030f.jpg, 1
d90a077c-679a-11e5-9696-40f2e96c8ad8_jpg.rf.4b81e03ae867d496667acd71629ea271.jpg, 1
1f7fb1bc-679a-11e5-80ca-40f2e96c8ad8_jpg.rf.4d27dfcbdadc3f5b1dde8eefc1c18124.jpg, 1
5a0b5618-679c-11e5-aa4a-40f2e96c8ad8_jpg.rf.4d2d073bcea7aa994898789fe598daf2.jpg, 1
4_jpg.rf.4ed4aa44502b309a639a6c96aa890a16.jpg, 1
ba076ca4-6798-11e5-8dd0-40f2e96c8ad8_jpg.rf.4f5d8f815915f5884bce4059a99c5625.jpg, 1
571612cf532137c8dbfdb13bf358abf3-1200510_jpg.rf.4e190161395a2a9d3dd7608adca3aed3.jpg, 1
718442de-679a-11e5-80ca-40f2e96c8ad8_jpg.rf.510aa75b9df469af3723ae539c0e9e18.jpg, 1
dechets-dechet-sur-la-plage-espace-littoral_shutterstock_246831199_jpg.rf.5138da951680c53694547752d367e664.jpg, 1
8bce1fca-679a-11e5-9696-40f2e96c8ad8_jpg.rf.511f5a016bedcf2b1d1518c67a48738f.jpg, 1
d2728178-679a-11e5-9696-40f2e96c8ad8_jpg.rf.524929ede435cb32de9b13d2326da135.jpg, 1
18_jpg.rf.526bfc0aab5407d16194a52bd95d6af8.jpg, 1
5_jpg.rf.532df1e8a4f0a4c8484c2aaeb6f8f30d.jpg, 1
10_jpg.rf.54e96cd38f98d9fb8a484579906c6889.jpg, 1
e635ed54-679e-11e5-b0e3-40f2e96c8ad8_jpg.rf.5392518d4763e359db84bd5830491edd.jpg, 1
980b5fd2-679a-11e5-9696-40f2e96c8ad8_jpg.rf.5589a9d3832f24a2d119def1fc091634.jpg, 1
b5175740-6798-11e5-8dd0-40f2e96c8ad8_jpg.rf.555009a6b96b101e48f4fa7a480bb59b.jpg, 1
82b604f0-679c-11e5-aa4a-40f2e96c8ad8_jpg.rf.5500155a7bd45b1a6a31c16bea0494dd.jpg, 1
9_jpg.rf.5625715614eee79a787520d5d0b280c6.jpg, 1
2_jpg.rf.5662d84f911e45b5143dcd49e8f7a757.jpg, 1
ed78ccda-679e-11e5-b0e3-40f2e96c8ad8_jpg.rf.575441b4c77efd908d7fb45743f235ac.jpg, 1
4_jpg.rf.57da92a50c79d9b94a2f32b8c45dca37.jpg, 1
b68d4646-679a-11e5-9696-40f2e96c8ad8_jpg.rf.57dd89556c01855f8b98f63ab7b482f9.jpg, 1
c97d0eb4-6798-11e5-8dd0-40f2e96c8ad8_jpg.rf.58a93a4a4300cae53c6c6864a3ddd1d9.jpg, 1
80a8d4b2-679c-11e5-aa4a-40f2e96c8ad8_jpg.rf.5a26e259239a3eb1a2bd3e69762455e3.jpg, 1
9_jpg.rf.5a295260fedd62ac6a79502a944e288a.jpg, 1
10_jpg.rf.5d2ac7799372227b7fe373653ba6d34c.jpg, 1
8f6fb3e6-679a-11e5-9696-40f2e96c8ad8_jpg.rf.5bf3aac8e5520c9b83d6e4490eaae359.jpg, 1
9_jpg.rf.5b5d82a9b2f90e044d7b6be3130cd825.jpg, 1
c97d0eb4-6798-11e5-8dd0-40f2e96c8ad8_jpg.rf.5d4994969ee564b110ee48fcc6e01d9c.jpg, 1
14_jpg.rf.5a6ee3fedb93dfc4038e89881ab9e05f.jpg, 1
7aa9dbda-679a-11e5-80ca-40f2e96c8ad8_jpg.rf.5dd3e7230024e0663b03e8d4dc498928.jpg, 1
hygiene_841471879_jpg.rf.5ea49ad4ec9813dd4a314ed784fda258.jpg, 1
5_jpg.rf.66407e3a587230408b39d0ea1d2a6c92.jpg, 1
12_jpg.rf.66de92113ef96074466b3159127d574c.jpg, 1
15_jpg.rf.6260f543c7fabc29a0a3f6e945b6eda0.jpg, 1
de2721f0-679e-11e5-b0e3-40f2e96c8ad8_jpg.rf.6775b67ab71dbe1b140a3c1a24e760e1.jpg, 1
db99b9e4-6798-11e5-8dd0-40f2e96c8ad8_jpg.rf.62ae02c43d382de0db4fd7e34fde4a2b.jpg, 1
d2728178-679a-11e5-9696-40f2e96c8ad8_jpg.rf.5da81273e69ddb68b59641769c59a021.jpg, 1
22_jpg.rf.69079ff61268e53962d8b8e51798aa67.jpg, 1
86645da6-679a-11e5-9696-40f2e96c8ad8_jpg.rf.694e08e89855c594f6434afcb3e4d275.jpg, 1
tunisie_jpg.rf.68281f0d462be956111834b4b9888e8a.jpg, 1
297c00ea-6799-11e5-8dd0-40f2e96c8ad8_jpg.rf.697b532efc4e445f790ef1e001d478b8.jpg, 1
unnamed-medium_jpg.rf.695aa5c85dfd7bc10be69cca13af060c.jpg, 1
86645da6-679a-11e5-9696-40f2e96c8ad8_jpg.rf.69a833545d05892ed0771175e496f6ec.jpg, 1
ed78ccda-679e-11e5-b0e3-40f2e96c8ad8_jpg.rf.69b33f3530924f8d2b8e88c29c861f63.jpg, 1
telechargement_jpg.rf.6af1389874270f4df102a05737d68e7d.jpg, 1
82b604f0-679c-11e5-aa4a-40f2e96c8ad8_jpg.rf.6c94c1ece4baf68295e06c0638b1337e.jpg, 1
2FKFBJ2_jpg.rf.6cdfdc6d14b8de13f580430a1b71dbe2.jpg, 1
dechets-plage-france_jpg.rf.6cff35635cc949e9e4cb85e4f05eecfe.jpg, 1
2b144732-6799-11e5-8dd0-40f2e96c8ad8_jpg.rf.6d2222d3f2b422d7cae085b5dc9f09cc.jpg, 1
7757db94-679a-11e5-80ca-40f2e96c8ad8_jpg.rf.6f7afec7ea8592267352dbca4cdc20e5.jpg, 1
2402eb3c-679a-11e5-80ca-40f2e96c8ad8_jpg.rf.6ed36db387866e212473bd780bfa3b87.jpg, 1
2b144732-6799-11e5-8dd0-40f2e96c8ad8_jpg.rf.7096aa0c319617a2ccf616e959ac672d.jpg, 1
2bf9a41c-6799-11e5-8dd0-40f2e96c8ad8_jpg.rf.6f9ead918ad2bc72e15a030ab47c4414.jpg, 1
e80570cc-679a-11e5-9696-40f2e96c8ad8_jpg.rf.70a8fa9f41271455e0847df3da0b2afc.jpg, 1
1f7fb1bc-679a-11e5-80ca-40f2e96c8ad8_jpg.rf.702eb46959b92149ceb4928fd991b25b.jpg, 1
27_jpg.rf.70b06bc93d4d7a749daa7af0d6fb401f.jpg, 1
53ee47d8-679f-11e5-893c-40f2e96c8ad8_jpg.rf.71585dccd6820531dacfb0c5e4798bb2.jpg, 1
d02921cc-679c-11e5-aa4a-40f2e96c8ad8_jpg.rf.6d2cf616434dc2e2a8d8489ff71a6b30.jpg, 1
8bce1fca-679a-11e5-9696-40f2e96c8ad8_jpg.rf.73aa5ebbfeaaa1e67643f8c4b14a6b24.jpg, 1
0bd7f188-679f-11e5-b0e3-40f2e96c8ad8_jpg.rf.7256dd45c06b4a239e68a0d0417a5bb2.jpg, 1
264d9cb6-679f-11e5-b0e3-40f2e96c8ad8_jpg.rf.72c96bf7ddfbe56c672afc1dfd07d363.jpg, 1
9_jpg.rf.765ba67bc8db7478f416cc723c11cd17.jpg, 1
e9b135ec-679e-11e5-b0e3-40f2e96c8ad8_jpg.rf.754572e9265d993b96955831751277c0.jpg, 1
images116_jpg.rf.76cc69b470b1a1a9e7c1bb6bf3fcd093.jpg, 1
264d9cb6-679f-11e5-b0e3-40f2e96c8ad8_jpg.rf.772b2317ebc6d4e7e0d0a8b50d146e76.jpg, 1
telechargement_jpg.rf.7807036d73f1a6e64cd23bb2328338da.jpg, 1
8f6fb3e6-679a-11e5-9696-40f2e96c8ad8_jpg.rf.781961d95355ccdb96bf3135fa6d5418.jpg, 1
173e1a02-679f-11e5-b0e3-40f2e96c8ad8_jpg.rf.7a1aa494b20dfc10cddb56dc2a89bafb.jpg, 1
images44_jpg.rf.7abe3ed6f7806714c7c37d4fe49988d7.jpg, 1
images44_jpg.rf.7a43c1ecf013d5696837a0feeef6d137.jpg, 1
d90a077c-679a-11e5-9696-40f2e96c8ad8_jpg.rf.7ffc223403e4234a3ce153a6306b71ca.jpg, 1
ba076ca4-6798-11e5-8dd0-40f2e96c8ad8_jpg.rf.77d3f4e039b3e6e13c8f417880840372.jpg, 1
3ecc1330-679a-11e5-80ca-40f2e96c8ad8_jpg.rf.81215406aba83bc5061f8f4cde1da87a.jpg, 1
6_jpg.rf.81a8d5c929ce2bbbd71bd6a48b42e400.jpg, 1
07ff75e6-6799-11e5-8dd0-40f2e96c8ad8_jpg.rf.825e0da2619731f217cff5a9342a2533.jpg, 1
images2_jpg.rf.819e29801d2e64b5bdccc4789c90b270.jpg, 1
4604c93575b3c282d69417953ff4a4a2_jpg.rf.82a8ac8f764d1eb56f4adbc39af6b57d.jpg, 1
db99b9e4-6798-11e5-8dd0-40f2e96c8ad8_jpg.rf.84e830f82b6661b55e2a2cb56a408e66.jpg, 1
c8b35114-6798-11e5-8dd0-40f2e96c8ad8_jpg.rf.8347d2fa018e1b5813100234219da9c8.jpg, 1
2bf9a41c-6799-11e5-8dd0-40f2e96c8ad8_jpg.rf.87ee0d661ebfe1161f2dbdb6d94d546a.jpg, 1
5a0b5618-679c-11e5-aa4a-40f2e96c8ad8_jpg.rf.8b642d75b05f7cb082f0c9f8885c26c9.jpg, 1
18_jpg.rf.8aceeac7dcd93eff8abe67960fcc99da.jpg, 1
11_jpg.rf.886223779ee660920c0e85d99f12b933.jpg, 1
d02921cc-679c-11e5-aa4a-40f2e96c8ad8_jpg.rf.8b9e7dca0e88240335ab07c62b4466b2.jpg, 1
9d4793b2-679a-11e5-9696-40f2e96c8ad8_jpg.rf.8d7dfef8d42601b0edde6783c197ff2f.jpg, 1
tunisie_jpg.rf.8c9041555f84da94a427ce588c2c789f.jpg, 1
dechets-dechet-sur-la-plage-espace-littoral_shutterstock_246831199_jpg.rf.88d060302540e0c171658cb4dc968896.jpg, 1
4604c93575b3c282d69417953ff4a4a2_jpg.rf.90ab26d9ad6dde5208a2bac5d3a886fc.jpg, 1
9d4793b2-679a-11e5-9696-40f2e96c8ad8_jpg.rf.912634d6199e6deea2a787fb1bee9e5b.jpg, 1
photo-43_jpg.rf.8f796e72d5d578495863a61d9f34a7f7.jpg, 1
07ff75e6-6799-11e5-8dd0-40f2e96c8ad8_jpg.rf.9156c0c78e84836661497d49b6aed823.jpg, 1
10_jpg.rf.913e6f9ec497076079cb019003f9253c.jpg, 1
c6b67f74-679a-11e5-9696-40f2e96c8ad8_jpg.rf.91f6b9f6457ed98773ae5118649026a5.jpg, 1
e08aa49e-6799-11e5-80ca-40f2e96c8ad8_jpg.rf.86bee6e059f5f0ddc4d44b6472e7515e.jpg, 1
cfed9f50-679a-11e5-9696-40f2e96c8ad8_jpg.rf.946816bad6e9ecaadd896eaabc644865.jpg, 1
db99b9e4-6798-11e5-8dd0-40f2e96c8ad8_jpg.rf.950ba37bb388de636696566239474152.jpg, 1
0bd7f188-679f-11e5-b0e3-40f2e96c8ad8_jpg.rf.962bd771e8ec4bfb824266a4b26bff8a.jpg, 1
3b500736-6798-11e5-8dd0-40f2e96c8ad8_jpg.rf.94b6b4058a0ab12275c5fd630e29c646.jpg, 1
2_jpg.rf.96ed4fb79eff7fa67653177b258078fb.jpg, 1
122a3e88-679f-11e5-b0e3-40f2e96c8ad8_jpg.rf.961d1fa264f9765086f6fefe7a694141.jpg, 1
10_jpg.rf.96d533023e0330501c9da492b3087c0d.jpg, 1
2046f038-679f-11e5-b0e3-40f2e96c8ad8_jpg.rf.97d83c1694e71c9cdda87d7ffdd7b22f.jpg, 1
images111_jpg.rf.9727e82b6e3475ef70966d3d5e72def9.jpg, 1
e3ad6a0e-6798-11e5-8dd0-40f2e96c8ad8_jpg.rf.97f454b07a4826599f4f42177e689fd0.jpg, 1
e9b135ec-679e-11e5-b0e3-40f2e96c8ad8_jpg.rf.9848b8f0cfe0eb263d2106c0383777ab.jpg, 1
palge-pollution-660x330_jpg.rf.9a0f06a803ec8f83262814a5d96bd105.jpg, 1
e08aa49e-6799-11e5-80ca-40f2e96c8ad8_jpg.rf.990b80b66ccd77481b43e8562687ff72.jpg, 1
2_jpg.rf.9b02c20194e360f80a45dc18479812bb.jpg, 1
2FKFBJ2_jpg.rf.985a6ac878580938d6ce8c9b3d401c33.jpg, 1
c8b35114-6798-11e5-8dd0-40f2e96c8ad8_jpg.rf.9b5ac6684e59a91a0e8034646b16152f.jpg, 1
12311590-679b-11e5-9696-40f2e96c8ad8_jpg.rf.9bc2a9f3294060be0c30268730e8e1a0.jpg, 1
5_jpg.rf.9d2a5b0f385e6b38291c4be06c1058be.jpg, 1
173e1a02-679f-11e5-b0e3-40f2e96c8ad8_jpg.rf.9e54a8ae8e1fcf7e8340f7d9b6c27a96.jpg, 1
22_jpg.rf.9b1413653b1e700b847c2327c22c36b8.jpg, 1
718442de-679a-11e5-80ca-40f2e96c8ad8_jpg.rf.9f08840da0d549d4b217e2fa62fab9a6.jpg, 1
3ecc1330-679a-11e5-80ca-40f2e96c8ad8_jpg.rf.9d2a832596c6e44cfcfab182d864a5bb.jpg, 1
10_jpg.rf.9ef21349eeea3b8ce615eaba8ead4950.jpg, 1
c1f1e214-6798-11e5-8dd0-40f2e96c8ad8_jpg.rf.a04d6989e06992af4f054ab27efce2ea.jpg, 1
c1f1e214-6798-11e5-8dd0-40f2e96c8ad8_jpg.rf.9fdba5d7108435293cd553673d0da0aa.jpg, 1
0bd7f188-679f-11e5-b0e3-40f2e96c8ad8_jpg.rf.a1a0173871f428fd475315699af463aa.jpg, 1
7757db94-679a-11e5-80ca-40f2e96c8ad8_jpg.rf.a45662f508209446e9e47325aba8f797.jpg, 1
3ecc1330-679a-11e5-80ca-40f2e96c8ad8_jpg.rf.a3c52741c927a4b5be01cc518babe7bb.jpg, 1
53ee47d8-679f-11e5-893c-40f2e96c8ad8_jpg.rf.a3c42d22c6b29b2d9bb5adebe8a004d4.jpg, 1
ba076ca4-6798-11e5-8dd0-40f2e96c8ad8_jpg.rf.a461674f9fe87466ce087836f1eb1e9c.jpg, 1
28_jpg.rf.a68c6829a9b74099dc2c18dc18b2d9e1.jpg, 1
3_jpg.rf.a7e1b267cefa3580132783f24dfda0a0.jpg, 1
images2_jpg.rf.a8abcfe13b2fa4ded58f0804843603e7.jpg, 1
c0a5fb02-6798-11e5-8dd0-40f2e96c8ad8_jpg.rf.a96ad657a7dbe24371af1c9858596962.jpg, 1
2b144732-6799-11e5-8dd0-40f2e96c8ad8_jpg.rf.a9697013809bb37e589dbf47fc02cfb5.jpg, 1
4_jpg.rf.a97aad3848300e8560b93c1aee5a9429.jpg, 1
2046f038-679f-11e5-b0e3-40f2e96c8ad8_jpg.rf.aa461cee4b7b7cd6dd21bd25e49bcad9.jpg, 1
images116_jpg.rf.a9ddf8ac4a644d87ad19ea023a4ecd41.jpg, 1
dechets-dechet-sur-la-plage-espace-littoral_shutterstock_246831199_jpg.rf.ac087d08123bd7735fa6a96ed1ac7170.jpg, 1
16_jpg.rf.ad93b6bc440645615bcd053de6a64db0.jpg, 1
8f6fb3e6-679a-11e5-9696-40f2e96c8ad8_jpg.rf.ae076218d5384d8e1984f789272b9616.jpg, 1
2FKFBJ2_jpg.rf.a9f49fd34aa28a46d70d82172444d93e.jpg, 1
2046f038-679f-11e5-b0e3-40f2e96c8ad8_jpg.rf.af77308d0b9439bcb6a49fa460ac285d.jpg, 1
8_jpg.rf.aec333223425bb31d01dc394e7492ae8.jpg, 1
10_jpg.rf.b6505a434a2d456d241b79486663f1a7.jpg, 1
d6a362c8-6798-11e5-8dd0-40f2e96c8ad8_jpg.rf.b563d5a69095f89ad8fd8d9dc54760a7.jpg, 1
31_jpg.rf.b30efe0216b76cdd3f20064b65aa21e8.jpg, 1
8_jpg.rf.b5e667d956f9ff4a949cb9f7ca3c3512.jpg, 1
d6a362c8-6798-11e5-8dd0-40f2e96c8ad8_jpg.rf.b178ead3a89b41eb423f6364e297c48b.jpg, 1
eac25830-6799-11e5-80ca-40f2e96c8ad8_jpg.rf.ae154767b0d8ce3b649765c7357b1295.jpg, 1
12_jpg.rf.b6fb65c53d43e6c96cea7dd6468e7a8e.jpg, 1
8bce1fca-679a-11e5-9696-40f2e96c8ad8_jpg.rf.bb663d706739b848dcf696350c46be2d.jpg, 1
15_jpg.rf.bdbd0b75fa385b928e80cb31742be40a.jpg, 1
8_jpg.rf.bc56f0818860e2f32e0256a30b927913.jpg, 1
images73_jpg.rf.c0f2f971445f0f4e9388124da4ef15e8.jpg, 1
28a0beee-679f-11e5-b0e3-40f2e96c8ad8_jpg.rf.bf85882846979f7fe7941d545428db74.jpg, 1
571612cf532137c8dbfdb13bf358abf3-1200510_jpg.rf.bf78890cd9f9761172aa5f55334eb96f.jpg, 1
11_jpg.rf.bda2afc7936b168fe8005ca81d229623.jpg, 1
de2721f0-679e-11e5-b0e3-40f2e96c8ad8_jpg.rf.c22dd3b3f25228b9d6810be7bfe1c530.jpg, 1